{
  "version": "0.4.8",
  "canvas": {
    "width": 64,
    "height": 64,
    "tileWidth": 64,
    "numLayers": 1,
    "layers": {
      "0": {
        "blendMode": "normal",
        "alpha": 255,
        "hidden": false,
        "name": "Layer 0",
        "muted": false,
        "tileRefs": {},
        "soloed": false
      }
    },
    "tileHeight": 64
  },
  "animations": {},
  "tileset": {
    "fixedWidth": true,
    "tileWidth": 64,
    "numTiles": 1,
    "tilesWide": 8,
    "tileHeight": 64
  },
  "palette": {
    "width": 12,
    "numColors": 72,
    "colors": {
      "0": "ff150a1f",
      "1": "ff280b26",
      "2": "ff361027",
      "3": "ff681824",
      "4": "ffb42313",
      "5": "fff4680b",
      "6": "fff4c047",
      "7": "fffffdf0",
      "8": "ff0c1327",
      "9": "ff03282b",
      "10": "ff09493f",
      "11": "ff118337",
      "12": "ff57c52b",
      "13": "ffb9ed5e",
      "14": "ff1a112e",
      "15": "ff291945",
      "16": "ff5e1c5a",
      "17": "ff8f1767",
      "18": "fff45d92",
      "19": "fffeb58b",
      "20": "ff0e092f",
      "21": "ff1b1853",
      "22": "ff222d81",
      "23": "ff465be7",
      "24": "ff2ac0f2",
      "25": "ff7df2cf",
      "26": "ff220c27",
      "27": "ff2f1316",
      "28": "ff431e1e",
      "29": "ff74341a",
      "30": "ffaf5d23",
      "31": "fff8993a",
      "32": "ff19102e",
      "33": "ff241e44",
      "34": "ff25315e",
      "35": "ff3a5c85",
      "36": "ff56a1bf",
      "37": null,
      "38": null,
      "39": null,
      "40": null,
      "41": null,
      "42": null,
      "43": null,
      "44": null,
      "45": null,
      "46": null,
      "47": null,
      "48": null,
      "49": null,
      "50": null,
      "51": null,
      "52": null,
      "53": null,
      "54": null,
      "55": null,
      "56": null,
      "57": null,
      "58": null,
      "59": null,
      "60": null,
      "61": null,
      "62": null,
      "63": null,
      "64": null,
      "65": null,
      "66": null,
      "67": null,
      "68": null,
      "69": null,
      "70": null,
      "71": null
    },
    "height": 6
  },
  "name": "pintura",
  "settings": {}
}